filename,group,mutations,rep1,rep2,rep3,rep4,rep5,rep6,rep7,rep8,rep9,rep10,rep11,rep12,rep13,rep14,rep15,rep16,rep17,rep18,rep19,rep20,avg_score,std_score
G1_mutant_000_G1_mutant_000.pdb_0001,G1,L6LEU-L81LEU-C24ALA-C98ALA,-771.538,-767.567,-770.969,-770.774,-772.691,-770.362,-767.549,-773.209,-773.788,-770.075,-772.949,-767.604,-772.735,-775.845,-764.722,-772.058,-776.337,-772.110,-765.414,-771.859,-771.008,3.119
G1_mutant_002_G1_mutant_002.pdb_0001,G1,L6LEU-L81LEU-C24VAL-C98ALA,-771.594,-767.931,-772.180,-776.007,-765.300,-766.018,-762.707,-769.741,-764.086,-764.652,-771.125,-775.819,-773.180,-771.017,-771.122,-765.497,-765.066,-763.391,-764.133,-769.012,-768.479,4.151
G1_mutant_009_G1_mutant_009.pdb_0001,G1,L6ILE-L81LEU-C24ALA-C98ALA,-768.922,-771.980,-761.702,-770.250,-771.056,-773.382,-771.253,-765.606,-767.486,-769.845,-767.182,-767.008,-774.656,-768.995,-768.121,-770.378,-766.450,-773.641,-769.747,-773.290,-769.548,3.16
G1_mutant_011_G1_mutant_011.pdb_0001,G1,L6ILE-L81LEU-C24VAL-C98ALA,-763.816,-763.388,-758.271,-761.131,-760.750,-763.862,-761.827,-769.659,-765.102,-765.003,-760.772,-763.687,-768.174,-765.778,-764.956,-758.497,-768.733,-768.007,-762.848,-765.895,-764.008,3.217
G1_mutant_012_G1_mutant_012.pdb_0001,G1,L6ILE-L81ILE-C24ALA-C98ALA,-770.654,-772.072,-765.462,-769.527,-766.943,-769.524,-770.537,-774.014,-768.570,-772.678,-766.487,-766.354,-766.590,-763.530,-768.984,-770.818,-762.323,-776.758,-767.701,-776.704,-769.312,3.886
G2_mutant_004_G2_mutant_004.pdb_0001,G2,L142LEU-M175ILE-C161ALA-C230VAL,-763.850,-769.273,-765.219,-772.147,-770.242,-765.756,-771.546,-766.115,-772.170,-762.281,-766.687,-764.836,-766.647,-766.768,-768.753,-762.706,-768.860,-767.677,-763.510,-766.321,-767.068,2.993
G2_mutant_005_G2_mutant_005.pdb_0001,G2,L142LEU-M175ILE-C161VAL-C230ALA,-771.543,-765.885,-762.587,-765.291,-763.941,-763.096,-763.691,-766.745,-763.992,-769.197,-767.356,-766.793,-766.356,-761.760,-767.974,-768.263,-768.860,-771.265,-763.085,-772.125,-766.49,3.098
G2_mutant_006_G2_mutant_006.pdb_0001,G2,L142LEU-M175MET-C161ALA-C230ALA,-760.180,-763.250,-764.725,-761.353,-768.051,-761.063,-764.208,-761.625,-763.321,-763.917,-763.281,-761.917,-763.345,-763.100,-765.621,-765.341,-761.318,-765.311,-763.417,-762.388,-763.337,1.884
G2_mutant_008_G2_mutant_008.pdb_0001,G2,L142LEU-M175MET-C161VAL-C230ALA,-767.834,-772.089,-773.537,-769.139,-767.982,-770.341,-775.555,-763.243,-771.516,-765.179,-763.333,-768.176,-771.297,-772.580,-767.565,-768.878,-771.234,-760.104,-776.285,-771.875,-769.387,4.147
G2_mutant_017_G2_mutant_017.pdb_0001,G2,L142ILE-M175MET-C161VAL-C230ALA,-768.412,-767.361,-764.585,-769.028,-770.951,-765.489,-767.515,-769.183,-764.044,-768.056,-772.331,-762.970,-765.504,-764.202,-765.126,-762.295,-769.369,-761.121,-761.115,-765.128,-766.189,3.166
