filename,group,mutations,rep1,rep2,rep3,rep4,rep5,rep6,rep7,rep8,rep9,rep10,rep11,rep12,rep13,rep14,rep15,rep16,rep17,rep18,rep19,rep20,rep21,rep22,rep23,rep24,rep25,rep26,rep27,rep28,rep29,rep30,rep31,rep32,rep33,rep34,rep35,rep36,rep37,rep38,rep39,rep40,rep41,rep42,rep43,rep44,rep45,rep46,rep47,rep48,rep49,rep50,rep51,rep52,rep53,rep54,rep55,rep56,rep57,rep58,rep59,rep60,rep61,rep62,rep63,rep64,rep65,rep66,rep67,rep68,rep69,rep70,rep71,rep72,rep73,rep74,rep75,rep76,rep77,rep78,rep79,rep80,rep81,rep82,rep83,rep84,rep85,rep86,rep87,rep88,rep89,rep90,rep91,rep92,rep93,rep94,rep95,rep96,rep97,rep98,rep99,rep100,avg_score,std_score
G1_mutant_000_G1_mutant_000.pdb_0001,G1,L6LEU-L81LEU-C24ALA-C98ALA,-763.098,-762.931,-765.437,-756.25,-765.233,-764.078,-759.701,-771.155,-767.574,-769.157,-763.763,-766.142,-762.953,-765.461,-769.471,-767.953,-762.704,-760.416,-762.241,-768.418,-762.46,-760.475,-766.702,-762.323,-767.988,-761.449,-766.913,-770.306,-762.337,-767.429,-759.749,-763.219,-757.265,-759.21,-758.381,-763.729,-762.79,-766.482,-766.123,-762.928,-768.823,-761.442,-762.678,-767.086,-761.395,-762.714,-766.354,-762.308,-769.097,-766.959,-768.545,-767.347,-759.602,-760.78,-764.28,-765.371,-760.194,-759.543,-768.639,-761.647,-757.868,-763.4,-763.211,-764.36,-764.889,-768.273,-757.697,-768.645,-763.819,-768.039,-762.814,-759.786,-770.271,-764.844,-765.922,-763.284,-757.501,-762.085,-760.097,-756.736,-765.359,-764.144,-765.39,-767.366,-761.155,-768.374,-762.233,-759.664,-763.618,-767.466,-760.8,-765.055,-764.653,-770.443,-764.378,-761.178,-755.418,-762.514,-764.368,-764.557,-763.889,3.554
G1_mutant_001_G1_mutant_001.pdb_0001,G1,L6LEU-L81LEU-C24ALA-C98VAL,-758.39,-766.371,-763.912,-763.176,-768.109,-765.805,-764.315,-766.832,-759.028,-766.1,-766.435,-760.287,-765.707,-761.67,-759.091,-765.054,-760.809,-757.902,-766.077,-762.706,-766.532,-761.372,-761.44,-766.32,-764.243,-761.032,-764.688,-766.717,-767.546,-760.732,-764.154,-765.868,-764.454,-757.558,-767.148,-759.172,-764.501,-759.347,-764.717,-771.266,-755.947,-768.408,-766.04,-762.373,-765.849,-765.64,-761.332,-768.056,-762.455,-763.418,-758.898,-765.402,-766.413,-765.13,-766.332,-763.647,-758.241,-764.011,-765.284,-764.149,-766.397,-765.609,-766.588,-768.618,-765.832,-774.315,-765.039,-762.072,-758.992,-760.12,-766.707,-764.122,-761.485,-756.08,-758.412,-767.947,-764.394,-765.991,-765.786,-768.016,-763.462,-767.15,-768.547,-765.607,-766.167,-764.935,-761.815,-757.246,-766.108,-766.291,-765.358,-763.629,-764.593,-767.543,-764.298,-760.99,-758.591,-765.912,-764.718,-764.745,-764.038,3.355
G1_mutant_002_G1_mutant_002.pdb_0001,G1,L6LEU-L81LEU-C24VAL-C98ALA,-759.132,-762.483,-760.189,-763.365,-764.372,-758.897,-768.865,-761.707,-768.379,-764.741,-765.745,-755.622,-759.188,-764.571,-759.755,-763.264,-762.203,-764.978,-764.091,-767.669,-766.224,-767.922,-769.671,-766.31,-764.064,-763.245,-761.33,-762.417,-759.194,-759.209,-762.901,-759.503,-764.994,-758.565,-761.719,-762.46,-759.159,-756.491,-763.176,-761.633,-764.051,-763.807,-762.052,-768.806,-759.171,-759.773,-759.6,-761.035,-764.1,-763.308,-762.872,-761.643,-762.312,-761.684,-766.828,-756.591,-766.461,-760.924,-769.5,-761.195,-759.316,-763.414,-755.963,-765.581,-757.775,-765.192,-760.831,-767.557,-762.072,-764.669,-764.829,-766.771,-764.696,-755.115,-757.802,-766.095,-764.712,-761.944,-766.428,-762.964,-765.62,-766.545,-762.591,-764.909,-752.341,-765.131,-760.616,-767.093,-757.873,-763.462,-761.053,-762.364,-757.719,-765.333,-760.539,-764.537,-767.595,-765.88,-763.077,-765.185,-762.783,3.451
G1_mutant_009_G1_mutant_009.pdb_0001,G1,L6ILE-L81LEU-C24ALA-C98ALA,-756.675,-763.862,-766.622,-758.824,-763.647,-765.156,-770.269,-764.857,-767.124,-765.582,-766.682,-765.638,-766.591,-765.526,-761.861,-760.418,-764.121,-768.494,-762.03,-765.866,-764.461,-766.082,-756.959,-764.874,-766.371,-767.358,-768.429,-770.676,-762.073,-772.412,-765.692,-762.67,-766.944,-765.907,-759.153,-766.743,-764.863,-763.662,-762.515,-763.841,-760.678,-763.776,-766.028,-761.68,-762.903,-768.479,-760.312,-769.292,-766.298,-766.431,-770.671,-768.148,-769.54,-753.672,-768.942,-766.464,-764.612,-763.823,-764.399,-763.033,-763.917,-765.272,-761.694,-770.861,-771.574,-756.215,-761.408,-762.147,-765.68,-765.513,-765.513,-766.853,-765.786,-758.468,-766.938,-773.667,-759.235,-766.965,-766.079,-763.225,-763.229,-763.674,-757.906,-761.189,-767.579,-768.416,-768.585,-767.623,-768.535,-766.229,-763.818,-765.154,-762.172,-763.503,-759.687,-766.954,-761.204,-764.672,-763.959,-766.703,-764.785,3.604
G1_mutant_020_G1_mutant_020.pdb_0001,G1,L6MET-L81LEU-C24VAL-C98ALA,-759.88,-756.175,-765.995,-762.248,-766.887,-764.646,-760.031,-762.36,-765.709,-765.343,-764.55,-762.772,-767.848,-758.012,-762.511,-768.373,-753.685,-761.156,-759.325,-758.595,-762.991,-761.236,-760.306,-762.849,-763.301,-762.632,-755.824,-755.092,-766.439,-752.341,-752.812,-759.832,-758.605,-753.59,-759.881,-762.13,-763.564,-761.794,-759.215,-761.204,-764.839,-756.322,-762.507,-757.183,-765.49,-759.016,-761.596,-760.824,-759.02,-756.258,-761.789,-762.511,-767.328,-761.855,-764.537,-755.181,-761.729,-761.294,-756.132,-756.446,-755.446,-760.507,-765.884,-759.033,-756.911,-768.233,-762.214,-759.006,-759.574,-757.764,-767.405,-758.433,-755.2,-765.088,-770.903,-756.416,-764.008,-762.949,-763.162,-764.198,-769.792,-766.791,-755.833,-760.396,-761.776,-766.259,-756.384,-757.482,-763.813,-761.499,-763.352,-767.101,-765.085,-760.974,-764.539,-760.427,-764.751,-764.532,-770.48,-762.547,-761.497,4.097
G2_mutant_002_G2_mutant_002.pdb_0001,G2,L142LEU-M175LEU-C161VAL-C230ALA,-759.705,-760.578,-770.393,-763.536,-764.81,-772.654,-765.272,-769.666,-767.048,-771.307,-762.51,-764.696,-775.622,-765.038,-766.196,-765.266,-776.749,-761.539,-776.214,-766.967,-765.789,-769.848,-766.935,-764.769,-765.4,-760.712,-764.594,-767.701,-761.454,-767.181,-758.492,-765.782,-761.167,-764.609,-766.717,-775.599,-762.58,-773.618,-763.051,-769.035,-774.018,-768.535,-767.456,-774.654,-766.206,-767.641,-773.088,-761.365,-772.492,-764.529,-772.402,-771.355,-766.026,-773.389,-760.226,-766.682,-761.46,-762.381,-760.923,-761.237,-778.144,-772.046,-770.762,-768.839,-762.58,-764.824,-772.106,-764.425,-764.416,-777.214,-775.22,-773.056,-763.462,-765.742,-775.484,-770.948,-763.574,-768.846,-765.852,-763.749,-760.339,-760.275,-777.095,-760.175,-772.839,-765.384,-766.423,-769.337,-774.854,-778.82,-758.387,-764.069,-776.16,-775.92,-773.296,-766.553,-770.343,-763.439,-770.748,-774.22,-767.668,5.243
G2_mutant_007_G2_mutant_007.pdb_0001,G2,L142LEU-M175MET-C161ALA-C230VAL,-765.423,-758.154,-763.389,-757.587,-763.913,-763.106,-761.121,-761.914,-758.522,-762.617,-760.213,-756.742,-765.868,-757.076,-759.176,-762.256,-759.72,-762.611,-759.406,-762.226,-760.324,-763.859,-764.758,-757.53,-762.866,-763.353,-757.628,-762.273,-758.123,-761.077,-760.35,-762.411,-758.222,-761.509,-763.384,-764.097,-760.689,-759.797,-763.87,-765.441,-758.754,-758.581,-764.715,-759.012,-761.655,-762.408,-759.147,-762.888,-757.233,-760.223,-757.921,-755.284,-765.338,-761.676,-761.165,-761.525,-763.424,-766.369,-762.687,-761.765,-766.001,-762.983,-759.76,-759.394,-762.354,-765.292,-762.561,-764.609,-762.841,-762.456,-760.285,-755.046,-761.394,-758.694,-756.516,-760.058,-761.46,-764.349,-761.596,-766.89,-760.291,-764.989,-765.904,-760.822,-759.096,-761.656,-763.128,-760.944,-758.874,-763.49,-763.913,-764.253,-761.774,-759.341,-758.149,-761.022,-767.3,-765.015,-762.383,-761.017,-761.523,2.688
G2_mutant_008_G2_mutant_008.pdb_0001,G2,L142LEU-M175MET-C161VAL-C230ALA,-759.286,-763.354,-774.006,-762.304,-762.722,-756.636,-761.486,-759.467,-760.544,-762.814,-761.527,-771.259,-758.154,-756.455,-758.918,-758.919,-766.216,-762.947,-763.204,-758.953,-767.545,-760.335,-756.539,-758.696,-762.499,-762.095,-760.399,-758.767,-767.709,-766.239,-760.262,-764.3,-756.078,-757.993,-757.934,-759.425,-764.552,-761.755,-761.114,-761.617,-763.331,-759.773,-763.567,-764.611,-765.229,-758.511,-770.658,-764.442,-762.827,-760.63,-762.771,-761.735,-770.943,-758.507,-758.879,-755.801,-767.754,-760.101,-758.337,-757.598,-764.368,-761.96,-756.286,-763.423,-768.368,-771.867,-767.332,-761.949,-759.741,-763.911,-760.638,-764.279,-756.106,-761.47,-758.556,-757.722,-764.228,-764.484,-759.931,-758.601,-761.684,-763.411,-772.12,-771.038,-766.24,-766.729,-759.802,-757.853,-759.742,-761.716,-760.651,-758.467,-760.829,-766.565,-753.92,-766.646,-762.772,-760.979,-760.374,-762.747,-762.105,4.056
G2_mutant_011_G2_mutant_011.pdb_0001,G2,L142ILE-M175LEU-C161VAL-C230ALA,-770.254,-761.09,-768.913,-770.547,-767.307,-772.994,-771.189,-770.495,-764.596,-769.706,-767.649,-763.242,-767.297,-772.028,-769.424,-760.973,-768.38,-767.416,-769.854,-767.834,-770.016,-768.29,-767.788,-763.662,-765.073,-769.001,-772.586,-763.558,-765.8,-767.455,-770.596,-764.664,-772.5,-768.151,-765.967,-765.807,-765.729,-768.546,-772.058,-771.892,-770.319,-767.16,-769.164,-771.05,-771.091,-769.914,-769.143,-767.85,-764.667,-767.564,-766.825,-764.113,-767.147,-770.214,-769.432,-766.593,-768.955,-768.299,-759.371,-764.754,-761.727,-765.834,-769.895,-765.697,-770.902,-769.551,-769.442,-764.867,-771.622,-769.22,-760.537,-772.57,-771.486,-773.373,-767.221,-770.76,-768.367,-773.7,-772.133,-769.682,-768.237,-773.371,-769.255,-769.091,-770.173,-765.627,-766.617,-768.451,-768.427,-767.685,-769.223,-770.581,-766.374,-769.125,-764.767,-767.021,-764.398,-768.443,-763.579,-769.769,-768.128,3.014
G2_mutant_016_G2_mutant_016.pdb_0001,G2,L142ILE-M175MET-C161ALA-C230VAL,-763.668,-761.847,-763.031,-757.588,-767.603,-764.703,-765.621,-771.456,-764.05,-767.536,-769.06,-770.296,-768.729,-769.749,-767.098,-771.548,-766.111,-764.061,-771.71,-766.469,-763.174,-767.188,-766.016,-766.693,-773.346,-765.162,-764.07,-762.697,-764.98,-768.251,-769.82,-764.168,-771.362,-764.61,-760.602,-772.986,-758.007,-767.934,-764.593,-767.607,-764.922,-764.76,-764.516,-762.388,-758.552,-766.646,-765.872,-767.013,-768.168,-767.489,-766.283,-765.113,-757.997,-766.135,-763.172,-768.401,-766.583,-768.62,-770.547,-762.85,-765.628,-759.817,-766.973,-768.731,-769.923,-764.829,-764.223,-763.605,-767.372,-760.024,-767.065,-766.574,-764.205,-769.637,-767.283,-764.345,-767.584,-763.304,-758.762,-761.879,-759.422,-762.835,-761.915,-769.901,-761.83,-762.137,-770.247,-763.059,-769.478,-769.64,-763.397,-765.89,-769.228,-759.616,-762.384,-766.435,-766.652,-765.468,-769.437,-768.529,-765.705,3.489